id,statement,true_label,predicted_label,justification,time_taken
11972.json,Building a wall on the U.S.-Mexico border will take literally years.,true,half-true,"Based solely on the provided snippets, there is no direct information regarding Rick Perry's statement about building a wall on the U.S.-Mexico border taking ""literally years."" However, the snippets reveal a consistent theme of heightened rhetoric and policy proposals related to immigration enforcement.

Several sources highlight the significant timeframes associated with border security measures. For example, the context surrounding Operation Lone Star (Source - Chunk 6: The High Cost of Texas’ Property Tax Cut-and-Run Politics [https://www.texasobserver.org/high-cost-property-tax-cuts-texas/]) suggests a commitment to the operation for “the next two years,” indicating a protracted endeavor. Furthermore, the discussion about the impact of Trump’s tariffs on California farmers (Source - Chunk 10: California farmers backed Trump. Now, his tariffs could hurt them [https://www.spokesman.com/stories/2025/mar/05/california-farmers-backed-trump-now-his-tariffs-co/]) highlights concerns about potential disruption to agricultural supply chains – an area heavily reliant on migrant labor.

Additionally, the snippets demonstrate that there is a perceived need for robust border security, indicated by Operation Lone Star and the discussion of the “Alien Enemies Act” (Source - Chunk 9: Trump orders end of NPR’s federal funding. And, judge blocks use of Alien Enemies Act [https://www.kazu.org/npr-news/2025-05-02/trump-orders-end-of-nprs-federal-funding-and-judge-blocks-use-of-alien-enemies-act]).

However, there is no specific evidence to support the claim that building a wall will take “literally years”. The snippets focus on the ongoing commitment to border enforcement and the perceived disruptions caused by trade policies and immigration rhetoric, rather than providing a timeline for a physical barrier.

Label: half-true",52.34046483039856
11685.json,Wisconsin is on pace to double the number of layoffs this year.,false,half-true,"Based on the provided snippets, there is no direct evidence to support the claim that “Wisconsin is on pace to double the number of layoffs this year.” However, several pieces of information suggest a concerning trend. 

Firstly, the snippets highlight a persistent labor shortage in Wisconsin. (Source - Chunk 10: ""Trump tariffs will bring back manufacturing, but Wisconsin's labor shortage may stand in the way - WPR"") states there were around 1.2 million more jobs open nationally than there were unemployed workers, and Wisconsin has had more openings than job seekers since 2021. (Source - Chunk 4: ""Trump tariffs seek more manufacturing, but does Wisconsin lack the workers?"") Furthermore, multiple sources point to corporate prioritizing profit over employee welfare. (Source - Chunk 8: ""Full List of Companies Laying Off Employees in March - Newsweek"") and (Source - Chunk 9: ""Full List of Companies Laying Off Employees in March - Newsweek""). The ongoing layoffs, combined with the significant labor shortage, create a context where increased layoffs are plausible, although there is no specific projection or data to support the claim of “doubling” the number of layoffs. 

Label: half-true",39.40007400512695
11096.json,Says John McCain has done nothing to help the vets.,false,false,"The provided snippets do not contain any information regarding Donald Trump’s statement about John McCain’s record helping veterans or any context related to ABC’s This Week. The snippets primarily focus on Trump’s tax plan, the Pentagon’s halt to gender-affirming healthcare for transgender troops, and Republican efforts to advance his agenda. (Source - Chunk 7: President Donald Trump defends Qatar jumbo jet offer, says would be ‘stupid’ to turn away free plane [https://abc13.com/post/president-donald-trump-defends-qatar-jumbo-jet-offer-says-would-stupid-turn-away-free-plane/16393995/])

Label: false",35.31013894081116
5209.json,Suzanne Bonamici supports a plan that will cut choice for Medicare Advantage seniors.,half-true,false,"Based solely on the provided snippets, there is no information to support the claim that Suzanne Bonamici supports a plan that will cut choice for Medicare Advantage seniors.

Several snippets discuss concerns about Medicare Advantage plans, including accusations of insurers charging excessively high fees, upcoding diagnoses, and potential fraud (Source - Chunk [9]: [Chunk title] [chunk url]). However, these discussions focus on the actions of companies like UnitedHealthcare and broader concerns about the Medicare system, not a specific plan supported by Suzanne Bonamici. Additionally, Snippet 10 discusses the NC Medicaid Expansion Dashboard and potential impacts from congressional GOP ideas, but offers no direct connection to Bonamici or a plan cutting senior choices.

Label: false",32.12510561943054
9524.json,"When asked by a reporter whether hes at the center of a criminal scheme to violate campaign laws, Gov. Scott Walker nodded yes.",pants-fire,barely-true,"Based on the provided snippets, there is no direct information confirming that Gov. Scott Walker was at the center of a criminal scheme to violate campaign laws, nor any evidence related to campaign advertising. However, several snippets reveal concerns and reactions surrounding campaign finance and legal issues. Specifically, the snippets from Wisconsin (Chunk 7) discuss efforts to ban non-citizen voting and related legal discussions, while Snippet 10 describes a situation in Florida where a Democratic candidate faced challenges in a ""hardest freaking place in the world for a Democrat to run,"" likely due to Republican dominance. Additionally, Snippet 6 describes a task force created by President Trump to eradicate anti-Christian bias and highlights concerns about potential campaign advertising issues.

The snippets also contain instances of skepticism regarding campaign legality; for example, Attorney General Nick Brown in Washington state stated, “I don’t think any serious lawyer looking at it thinks the order is legal” (Source - Chunk 4: Washington state Attorney General Nick Brown).

Label: barely-true",29.826021671295166
